,x,scores,eps_history
0,1,-121.61528036958899,0.0
1,2,-221.25784746583048,0.0
2,3,-197.02308383506255,0.0
3,4,-837.9262448469452,0.0
4,5,-114.44817896440154,0.0
