number_of_games,scores,eps_history
1,-190.36899668067696,0.9568695240087989
2,-450.4301387599679,0.6486472030472881
3,-305.3027428681314,0.3102607369504751
4,-289.90771258218456,0.21032100426313238
5,-434.68895466251877,0.17006994970446757
6,-399.53691503117795,0.13533492089421717
