number_of_games,scores,eps_history
1,-293.1820138367012,0.980159361278976
2,-529.8314116450482,0.6512522118948676
3,-330.260508495576,0.49588871389954575
4,-351.44761374652353,0.3930301369795873
5,-471.8295904421192,0.29926840261086546
6,-555.9981705025101,0.22878973744785336
